Code Domaine,Domaine,Code zone (M49),Zone,Code de devise ISO (FAO),Devise,Code Élément,Élément,Code année,Année,Code Mois,Mois,Unité,Valeur,Symbole,Description du Symbole
"PE","Taux de change","004","Afghanistan","AFN","Afghani","LCU","Unités de monnaie locale par USD","2017","2017","7021","Valeur annuel","","68.02690408","X","Chiffre de source externe"
"PE","Taux de change","710","Afrique du Sud","ZAR","Rand","LCU","Unités de monnaie locale par USD","2017","2017","7021","Valeur annuel","","13.32380142","X","Chiffre de source externe"
"PE","Taux de change","008","Albanie","ALL","Lek","LCU","Unités de monnaie locale par USD","2017","2017","7021","Valeur annuel","","119.1","X","Chiffre de source externe"
"PE","Taux de change","012","Algérie","DZD","Algerian Dinar","LCU","Unités de monnaie locale par USD","2017","2017","7021","Valeur annuel","","110.9730167","X","Chiffre de source externe"
"PE","Taux de change","276","Allemagne","EUR","Euro","LCU","Unités de monnaie locale par USD","2017","2017","7021","Valeur annuel","","0.885205508","X","Chiffre de source externe"
"PE","Taux de change","020","Andorre","EUR","Euro","LCU","Unités de monnaie locale par USD","2017","2017","7021","Valeur annuel","","0.885205508","X","Chiffre de source externe"
"PE","Taux de change","024","Angola","AOA","Kwanza","LCU","Unités de monnaie locale par USD","2017","2017","7021","Valeur annuel","","165.9159507","X","Chiffre de source externe"
"PE","Taux de change","660","Anguilla","XCD","East Caribbean Dollar","LCU","Unités de monnaie locale par USD","2017","2017","7021","Valeur annuel","","2.7","X","Chiffre de source externe"
"PE","Taux de change","028","Antigua-et-Barbuda","XCD","East Caribbean Dollar","LCU","Unités de monnaie locale par USD","2017","2017","7021","Valeur annuel","","2.7","X","Chiffre de source externe"
"PE","Taux de change","682","Arabie saoudite","SAR","Saudi Riyal","LCU","Unités de monnaie locale par USD","2017","2017","7021","Valeur annuel","","3.75","X","Chiffre de source externe"
"PE","Taux de change","032","Argentine","ARS","Argentine Peso","LCU","Unités de monnaie locale par USD","2017","2017","7021","Valeur annuel","","16.56270693","X","Chiffre de source externe"
"PE","Taux de change","051","Arménie","AMD","Armenian Dram","LCU","Unités de monnaie locale par USD","2017","2017","7021","Valeur annuel","","482.7163938","X","Chiffre de source externe"
"PE","Taux de change","533","Aruba","AWG","Aruban Florin","LCU","Unités de monnaie locale par USD","2017","2017","7021","Valeur annuel","","1.79","X","Chiffre de source externe"
"PE","Taux de change","036","Australie","AUD","Australian Dollar","LCU","Unités de monnaie locale par USD","2017","2017","7021","Valeur annuel","","1.304758077","X","Chiffre de source externe"
"PE","Taux de change","040","Autriche","EUR","Euro","LCU","Unités de monnaie locale par USD","2017","2017","7021","Valeur annuel","","0.885205508","X","Chiffre de source externe"
"PE","Taux de change","031","Azerbaïdjan","AZN","Azerbaijanian Manat","LCU","Unités de monnaie locale par USD","2017","2017","7021","Valeur annuel","","1.721154802","X","Chiffre de source externe"
"PE","Taux de change","044","Bahamas","BSD","Bahamian Dollar","LCU","Unités de monnaie locale par USD","2017","2017","7021","Valeur annuel","","1","X","Chiffre de source externe"
"PE","Taux de change","048","Bahreïn","BHD","Bahraini Dinar","LCU","Unités de monnaie locale par USD","2017","2017","7021","Valeur annuel","","0.376","X","Chiffre de source externe"
"PE","Taux de change","050","Bangladesh","BDT","Taka","LCU","Unités de monnaie locale par USD","2017","2017","7021","Valeur annuel","","80.43754167","X","Chiffre de source externe"
"PE","Taux de change","052","Barbade","BBD","Barbados Dollar","LCU","Unités de monnaie locale par USD","2017","2017","7021","Valeur annuel","","2","X","Chiffre de source externe"
"PE","Taux de change","112","Bélarus","BYN","Rouble bélorussien","LCU","Unités de monnaie locale par USD","2017","2017","7021","Valeur annuel","","1.932341667","X","Chiffre de source externe"
"PE","Taux de change","056","Belgique","EUR","Euro","LCU","Unités de monnaie locale par USD","2017","2017","7021","Valeur annuel","","0.885205508","X","Chiffre de source externe"
"PE","Taux de change","084","Belize","BZD","Belize Dollar","LCU","Unités de monnaie locale par USD","2017","2017","7021","Valeur annuel","","2","X","Chiffre de source externe"
"PE","Taux de change","204","Bénin","XOF","CFA Franc BCEAO","LCU","Unités de monnaie locale par USD","2017","2017","7021","Valeur annuel","","580.6567496","X","Chiffre de source externe"
"PE","Taux de change","060","Bermudes","BMD","Bermudian Dollar","LCU","Unités de monnaie locale par USD","2017","2017","7021","Valeur annuel","","1","X","Chiffre de source externe"
"PE","Taux de change","064","Bhoutan","BTN","Ngultrum","LCU","Unités de monnaie locale par USD","2017","2017","7021","Valeur annuel","","65.12156865","X","Chiffre de source externe"
"PE","Taux de change","068","Bolivie (État plurinational de)","BOB","Boliviano","LCU","Unités de monnaie locale par USD","2017","2017","7021","Valeur annuel","","6.91","X","Chiffre de source externe"
"PE","Taux de change","070","Bosnie-Herzégovine","BAM","Convertible Mark","LCU","Unités de monnaie locale par USD","2017","2017","7021","Valeur annuel","","1.735352713","X","Chiffre de source externe"
"PE","Taux de change","072","Botswana","BWP","Pula","LCU","Unités de monnaie locale par USD","2017","2017","7021","Valeur annuel","","10.34741667","X","Chiffre de source externe"
"PE","Taux de change","076","Brésil","BRL","Brazilian Real","LCU","Unités de monnaie locale par USD","2017","2017","7021","Valeur annuel","","3.191389446","X","Chiffre de source externe"
"PE","Taux de change","096","Brunéi Darussalam","BND","Brunei Dollar","LCU","Unités de monnaie locale par USD","2017","2017","7021","Valeur annuel","","1.380891164","X","Chiffre de source externe"
"PE","Taux de change","100","Bulgarie","BGN","Bulgarian Lev","LCU","Unités de monnaie locale par USD","2017","2017","7021","Valeur annuel","","1.735458333","X","Chiffre de source externe"
"PE","Taux de change","854","Burkina Faso","XOF","CFA Franc BCEAO","LCU","Unités de monnaie locale par USD","2017","2017","7021","Valeur annuel","","580.6567496","X","Chiffre de source externe"
"PE","Taux de change","108","Burundi","BIF","Burundi Franc","LCU","Unités de monnaie locale par USD","2017","2017","7021","Valeur annuel","","1729.055","X","Chiffre de source externe"
"PE","Taux de change","132","Cabo Verde","CVE","Cabo Verde Escudo","LCU","Unités de monnaie locale par USD","2017","2017","7021","Valeur annuel","","97.80693777","X","Chiffre de source externe"
"PE","Taux de change","116","Cambodge","KHR","Riel","LCU","Unités de monnaie locale par USD","2017","2017","7021","Valeur annuel","","4050.579986","X","Chiffre de source externe"
"PE","Taux de change","120","Cameroun","XAF","CFA Franc BEAC","LCU","Unités de monnaie locale par USD","2017","2017","7021","Valeur annuel","","580.6567496","X","Chiffre de source externe"
"PE","Taux de change","124","Canada","CAD","Canadian Dollar","LCU","Unités de monnaie locale par USD","2017","2017","7021","Valeur annuel","","1.297935846","X","Chiffre de source externe"
"PE","Taux de change","152","Chili","CLP","Chilean Peso","LCU","Unités de monnaie locale par USD","2017","2017","7021","Valeur annuel","","648.8337926","X","Chiffre de source externe"
"PE","Taux de change","344","Chine - RAS de Hong-Kong","HKD","Hong Kong Dollar","LCU","Unités de monnaie locale par USD","2017","2017","7021","Valeur annuel","","7.79325","X","Chiffre de source externe"
"PE","Taux de change","446","Chine - RAS de Macao","MOP","Pataca","LCU","Unités de monnaie locale par USD","2017","2017","7021","Valeur annuel","","8.026001","X","Chiffre de source externe"
"PE","Taux de change","156","Chine, continentale","CNY","Yuan Renminbi","LCU","Unités de monnaie locale par USD","2017","2017","7021","Valeur annuel","","6.758755086","X","Chiffre de source externe"
"PE","Taux de change","158","Chine, Taiwan Province de","TWD","Nouveau dollar de TaÃ¯wan","LCU","Unités de monnaie locale par USD","2017","2017","7021","Valeur annuel","","30.44241667","X","Chiffre de source externe"
"PE","Taux de change","196","Chypre","EUR","Euro","LCU","Unités de monnaie locale par USD","2017","2017","7021","Valeur annuel","","0.885205508","X","Chiffre de source externe"
"PE","Taux de change","170","Colombie","COP","Colombian Peso","LCU","Unités de monnaie locale par USD","2017","2017","7021","Valeur annuel","","2951.486911","X","Chiffre de source externe"
"PE","Taux de change","174","Comores","KMF","Comoro Franc","LCU","Unités de monnaie locale par USD","2017","2017","7021","Valeur annuel","","435.4925622","X","Chiffre de source externe"
"PE","Taux de change","178","Congo","XAF","CFA Franc BEAC","LCU","Unités de monnaie locale par USD","2017","2017","7021","Valeur annuel","","580.6567496","X","Chiffre de source externe"
"PE","Taux de change","188","Costa Rica","CRC","Costa Rican Colon","LCU","Unités de monnaie locale par USD","2017","2017","7021","Valeur annuel","","567.5130903","X","Chiffre de source externe"
"PE","Taux de change","384","Côte d'Ivoire","XOF","CFA Franc BCEAO","LCU","Unités de monnaie locale par USD","2017","2017","7021","Valeur annuel","","580.6567496","X","Chiffre de source externe"
"PE","Taux de change","191","Croatie","HRK","Kuna","LCU","Unités de monnaie locale par USD","2017","2017","7021","Valeur annuel","","6.623831","X","Chiffre de source externe"
"PE","Taux de change","192","Cuba","CUP","Cuban Peso","LCU","Unités de monnaie locale par USD","2017","2017","7021","Valeur annuel","","1","X","Chiffre de source externe"
"PE","Taux de change","531","Curaçao","ANG","Netherlands Antillean Guilder","LCU","Unités de monnaie locale par USD","2017","2017","7021","Valeur annuel","","1.79","X","Chiffre de source externe"
"PE","Taux de change","208","Danemark","DKK","Danish Krone","LCU","Unités de monnaie locale par USD","2017","2017","7021","Valeur annuel","","6.602893466","X","Chiffre de source externe"
"PE","Taux de change","262","Djibouti","DJF","Djibouti Franc","LCU","Unités de monnaie locale par USD","2017","2017","7021","Valeur annuel","","177.721","X","Chiffre de source externe"
"PE","Taux de change","212","Dominique","XCD","East Caribbean Dollar","LCU","Unités de monnaie locale par USD","2017","2017","7021","Valeur annuel","","2.7","X","Chiffre de source externe"
"PE","Taux de change","818","Égypte","EGP","Egyptian Pound","LCU","Unités de monnaie locale par USD","2017","2017","7021","Valeur annuel","","17.78253352","X","Chiffre de source externe"
"PE","Taux de change","222","El Salvador","USD","US Dollar","LCU","Unités de monnaie locale par USD","2017","2017","7021","Valeur annuel","","1","X","Chiffre de source externe"
"PE","Taux de change","784","Émirats arabes unis","AED","UAE Dirham","LCU","Unités de monnaie locale par USD","2017","2017","7021","Valeur annuel","","3.6725","X","Chiffre de source externe"
"PE","Taux de change","218","Équateur","USD","US Dollar","LCU","Unités de monnaie locale par USD","2017","2017","7021","Valeur annuel","","1","X","Chiffre de source externe"
"PE","Taux de change","232","Érythrée","ERN","Nakfa","LCU","Unités de monnaie locale par USD","2017","2017","7021","Valeur annuel","","15.075","X","Chiffre de source externe"
"PE","Taux de change","724","Espagne","EUR","Euro","LCU","Unités de monnaie locale par USD","2017","2017","7021","Valeur annuel","","0.885205508","X","Chiffre de source externe"
"PE","Taux de change","233","Estonie","EUR","Euro","LCU","Unités de monnaie locale par USD","2017","2017","7021","Valeur annuel","","0.885205508","X","Chiffre de source externe"
"PE","Taux de change","748","Eswatini","SZL","Lilangeni","LCU","Unités de monnaie locale par USD","2017","2017","7021","Valeur annuel","","13.32380142","X","Chiffre de source externe"
"PE","Taux de change","840","États-Unis d'Amérique","USD","US Dollar","LCU","Unités de monnaie locale par USD","2017","2017","7021","Valeur annuel","","1","X","Chiffre de source externe"
"PE","Taux de change","231","Éthiopie","ETB","Ethiopian Birr","LCU","Unités de monnaie locale par USD","2017","2017","7021","Valeur annuel","","23.86610446","X","Chiffre de source externe"
"PE","Taux de change","643","Fédération de Russie","RUB","Russian Ruble","LCU","Unités de monnaie locale par USD","2017","2017","7021","Valeur annuel","","58.34280119","X","Chiffre de source externe"
"PE","Taux de change","242","Fidji","FJD","Fiji Dollar","LCU","Unités de monnaie locale par USD","2017","2017","7021","Valeur annuel","","2.066875304","X","Chiffre de source externe"
"PE","Taux de change","246","Finlande","EUR","Euro","LCU","Unités de monnaie locale par USD","2017","2017","7021","Valeur annuel","","0.885205508","X","Chiffre de source externe"
"PE","Taux de change","250","France","EUR","Euro","LCU","Unités de monnaie locale par USD","2017","2017","7021","Valeur annuel","","0.885205508","X","Chiffre de source externe"
"PE","Taux de change","266","Gabon","XAF","CFA Franc BEAC","LCU","Unités de monnaie locale par USD","2017","2017","7021","Valeur annuel","","580.6567496","X","Chiffre de source externe"
"PE","Taux de change","270","Gambie","GMD","Dalasi","LCU","Unités de monnaie locale par USD","2017","2017","7021","Valeur annuel","","46.60890946","X","Chiffre de source externe"
"PE","Taux de change","268","Géorgie","GEL","Lari","LCU","Unités de monnaie locale par USD","2017","2017","7021","Valeur annuel","","2.509541667","X","Chiffre de source externe"
"PE","Taux de change","288","Ghana","GHS","Ghana Cedi","LCU","Unités de monnaie locale par USD","2017","2017","7021","Valeur annuel","","4.350533333","X","Chiffre de source externe"
"PE","Taux de change","292","Gibraltar","GIP","Livre de Gibraltar","LCU","Unités de monnaie locale par USD","2017","2017","7021","Valeur annuel","","0.776976682","X","Chiffre de source externe"
"PE","Taux de change","300","Grèce","EUR","Euro","LCU","Unités de monnaie locale par USD","2017","2017","7021","Valeur annuel","","0.885205508","X","Chiffre de source externe"
"PE","Taux de change","308","Grenade","XCD","East Caribbean Dollar","LCU","Unités de monnaie locale par USD","2017","2017","7021","Valeur annuel","","2.7","X","Chiffre de source externe"
"PE","Taux de change","304","Groenland","DKK","Danish Krone","LCU","Unités de monnaie locale par USD","2017","2017","7021","Valeur annuel","","6.602893466","X","Chiffre de source externe"
"PE","Taux de change","312","Guadeloupe","EUR","Euro","LCU","Unités de monnaie locale par USD","2017","2017","7021","Valeur annuel","","0.885205508","X","Chiffre de source externe"
"PE","Taux de change","320","Guatemala","GTQ","Quetzal","LCU","Unités de monnaie locale par USD","2017","2017","7021","Valeur annuel","","7.34793875","X","Chiffre de source externe"
"PE","Taux de change","831","Guernesey","GBP","Pound Sterling","LCU","Unités de monnaie locale par USD","2017","2017","7021","Valeur annuel","","0.776976682","X","Chiffre de source externe"
"PE","Taux de change","324","Guinée","GNF","Guinea Franc","LCU","Unités de monnaie locale par USD","2017","2017","7021","Valeur annuel","","9088.319496","X","Chiffre de source externe"
"PE","Taux de change","226","Guinée équatoriale","XAF","CFA Franc BEAC","LCU","Unités de monnaie locale par USD","2017","2017","7021","Valeur annuel","","580.6567496","X","Chiffre de source externe"
"PE","Taux de change","624","Guinée-Bissau","XOF","CFA Franc BCEAO","LCU","Unités de monnaie locale par USD","2017","2017","7021","Valeur annuel","","580.6567496","X","Chiffre de source externe"
"PE","Taux de change","328","Guyana","GYD","Guyana Dollar","LCU","Unités de monnaie locale par USD","2017","2017","7021","Valeur annuel","","206.5","X","Chiffre de source externe"
"PE","Taux de change","254","Guyane française","EUR","Euro","LCU","Unités de monnaie locale par USD","2017","2017","7021","Valeur annuel","","0.885205508","X","Chiffre de source externe"
"PE","Taux de change","332","Haïti","HTG","Gourde","LCU","Unités de monnaie locale par USD","2017","2017","7021","Valeur annuel","","64.76968028","X","Chiffre de source externe"
"PE","Taux de change","340","Honduras","HNL","Lempira","LCU","Unités de monnaie locale par USD","2017","2017","7021","Valeur annuel","","23.48708394","X","Chiffre de source externe"
"PE","Taux de change","348","Hongrie","HUF","Forint","LCU","Unités de monnaie locale par USD","2017","2017","7021","Valeur annuel","","274.4333333","X","Chiffre de source externe"
"PE","Taux de change","833","Île de Man","GBP","Pound Sterling","LCU","Unités de monnaie locale par USD","2017","2017","7021","Valeur annuel","","0.776976682","X","Chiffre de source externe"
"PE","Taux de change","136","Îles Caïmanes","KYD","Cayman Islands Dollar","LCU","Unités de monnaie locale par USD","2017","2017","7021","Valeur annuel","","0.83333","X","Chiffre de source externe"
"PE","Taux de change","184","Îles Cook","NZD","New Zealand Dollar","LCU","Unités de monnaie locale par USD","2017","2017","7021","Valeur annuel","","1.407408333","X","Chiffre de source externe"
"PE","Taux de change","248","Îles d'Åland","EUR","Euro","LCU","Unités de monnaie locale par USD","2017","2017","7021","Valeur annuel","","0.885205508","X","Chiffre de source externe"
"PE","Taux de change","584","Îles Marshall","USD","US Dollar","LCU","Unités de monnaie locale par USD","2017","2017","7021","Valeur annuel","","1","X","Chiffre de source externe"
"PE","Taux de change","090","Îles Salomon","SBD","Solomon Islands Dollar","LCU","Unités de monnaie locale par USD","2017","2017","7021","Valeur annuel","","7.887390369","X","Chiffre de source externe"
"PE","Taux de change","796","Îles Turques-et-Caïques","USD","US Dollar","LCU","Unités de monnaie locale par USD","2017","2017","7021","Valeur annuel","","1","X","Chiffre de source externe"
"PE","Taux de change","092","Îles Vierges britanniques","USD","US Dollar","LCU","Unités de monnaie locale par USD","2017","2017","7021","Valeur annuel","","1","X","Chiffre de source externe"
"PE","Taux de change","356","Inde","INR","Indian Rupee","LCU","Unités de monnaie locale par USD","2017","2017","7021","Valeur annuel","","65.12156865","X","Chiffre de source externe"
"PE","Taux de change","360","Indonésie","IDR","Rupiah","LCU","Unités de monnaie locale par USD","2017","2017","7021","Valeur annuel","","13380.83388","X","Chiffre de source externe"
"PE","Taux de change","364","Iran (République islamique d')","IRR","Iranian Rial","LCU","Unités de monnaie locale par USD","2017","2017","7021","Valeur annuel","","33226.29815","X","Chiffre de source externe"
"PE","Taux de change","368","Iraq","IQD","Iraqi Dinar","LCU","Unités de monnaie locale par USD","2017","2017","7021","Valeur annuel","","1184","X","Chiffre de source externe"
"PE","Taux de change","372","Irlande","EUR","Euro","LCU","Unités de monnaie locale par USD","2017","2017","7021","Valeur annuel","","0.885205508","X","Chiffre de source externe"
"PE","Taux de change","352","Islande","ISK","Iceland Krona","LCU","Unités de monnaie locale par USD","2017","2017","7021","Valeur annuel","","106.839572","X","Chiffre de source externe"
"PE","Taux de change","376","Israël","ILS","New Israeli Sheqel","LCU","Unités de monnaie locale par USD","2017","2017","7021","Valeur annuel","","3.599555548","X","Chiffre de source externe"
"PE","Taux de change","380","Italie","EUR","Euro","LCU","Unités de monnaie locale par USD","2017","2017","7021","Valeur annuel","","0.885205508","X","Chiffre de source externe"
"PE","Taux de change","388","Jamaïque","JMD","Jamaican Dollar","LCU","Unités de monnaie locale par USD","2017","2017","7021","Valeur annuel","","127.9645442","X","Chiffre de source externe"
"PE","Taux de change","392","Japon","JPY","Yen","LCU","Unités de monnaie locale par USD","2017","2017","7021","Valeur annuel","","112.1661411","X","Chiffre de source externe"
"PE","Taux de change","832","Jersey","GBP","Pound Sterling","LCU","Unités de monnaie locale par USD","2017","2017","7021","Valeur annuel","","0.776976682","X","Chiffre de source externe"
"PE","Taux de change","400","Jordanie","JOD","Jordanian Dinar","LCU","Unités de monnaie locale par USD","2017","2017","7021","Valeur annuel","","0.71","X","Chiffre de source externe"
"PE","Taux de change","398","Kazakhstan","KZT","Tenge","LCU","Unités de monnaie locale par USD","2017","2017","7021","Valeur annuel","","326.0010227","X","Chiffre de source externe"
"PE","Taux de change","404","Kenya","KES","Kenyan Shilling","LCU","Unités de monnaie locale par USD","2017","2017","7021","Valeur annuel","","103.4100045","X","Chiffre de source externe"
"PE","Taux de change","417","Kirghizistan","KGS","Som","LCU","Unités de monnaie locale par USD","2017","2017","7021","Valeur annuel","","68.86666786","X","Chiffre de source externe"
"PE","Taux de change","296","Kiribati","AUD","Australian Dollar","LCU","Unités de monnaie locale par USD","2017","2017","7021","Valeur annuel","","1.304758077","X","Chiffre de source externe"
"PE","Taux de change","414","Koweït","KWD","Kuwaiti Dinar","LCU","Unités de monnaie locale par USD","2017","2017","7021","Valeur annuel","","0.303349758","X","Chiffre de source externe"
"PE","Taux de change","426","Lesotho","LSL","Loti","LCU","Unités de monnaie locale par USD","2017","2017","7021","Valeur annuel","","13.32380142","X","Chiffre de source externe"
"PE","Taux de change","428","Lettonie","EUR","Euro","LCU","Unités de monnaie locale par USD","2017","2017","7021","Valeur annuel","","0.885205508","X","Chiffre de source externe"
"PE","Taux de change","422","Liban","LBP","Lebanese Pound","LCU","Unités de monnaie locale par USD","2017","2017","7021","Valeur annuel","","1507.5","X","Chiffre de source externe"
"PE","Taux de change","430","Libéria","LRD","Liberian dollar","LCU","Unités de monnaie locale par USD","2017","2017","7021","Valeur annuel","","1","X","Chiffre de source externe"
"PE","Taux de change","434","Libye","LYD","Libyan Dinar","LCU","Unités de monnaie locale par USD","2017","2017","7021","Valeur annuel","","1.393820011","X","Chiffre de source externe"
"PE","Taux de change","438","Liechtenstein","CHF","Swiss Franc","LCU","Unités de monnaie locale par USD","2017","2017","7021","Valeur annuel","","0.984691667","X","Chiffre de source externe"
"PE","Taux de change","440","Lituanie","EUR","Euro","LCU","Unités de monnaie locale par USD","2017","2017","7021","Valeur annuel","","0.885205508","X","Chiffre de source externe"
"PE","Taux de change","442","Luxembourg","EUR","Euro","LCU","Unités de monnaie locale par USD","2017","2017","7021","Valeur annuel","","0.885205508","X","Chiffre de source externe"
"PE","Taux de change","807","Macédoine du Nord","MKD","Denar","LCU","Unités de monnaie locale par USD","2017","2017","7021","Valeur annuel","","54.66545833","X","Chiffre de source externe"
"PE","Taux de change","450","Madagascar","MGA","Malagasy Ariary","LCU","Unités de monnaie locale par USD","2017","2017","7021","Valeur annuel","","3116.11","X","Chiffre de source externe"
"PE","Taux de change","458","Malaisie","MYR","Malaysian Ringgit","LCU","Unités de monnaie locale par USD","2017","2017","7021","Valeur annuel","","4.300440878","X","Chiffre de source externe"
"PE","Taux de change","454","Malawi","MWK","Malawi Kwacha","LCU","Unités de monnaie locale par USD","2017","2017","7021","Valeur annuel","","730.2725","X","Chiffre de source externe"
"PE","Taux de change","462","Maldives","MVR","Rufiyaa","LCU","Unités de monnaie locale par USD","2017","2017","7021","Valeur annuel","","15.38696851","X","Chiffre de source externe"
"PE","Taux de change","466","Mali","XOF","CFA Franc BCEAO","LCU","Unités de monnaie locale par USD","2017","2017","7021","Valeur annuel","","580.6567496","X","Chiffre de source externe"
"PE","Taux de change","470","Malte","EUR","Euro","LCU","Unités de monnaie locale par USD","2017","2017","7021","Valeur annuel","","0.885205508","X","Chiffre de source externe"
"PE","Taux de change","504","Maroc","MAD","Moroccan Dirham","LCU","Unités de monnaie locale par USD","2017","2017","7021","Valeur annuel","","9.691997889","X","Chiffre de source externe"
"PE","Taux de change","474","Martinique","EUR","Euro","LCU","Unités de monnaie locale par USD","2017","2017","7021","Valeur annuel","","0.885205508","X","Chiffre de source externe"
"PE","Taux de change","480","Maurice","MUR","Mauritius Rupee","LCU","Unités de monnaie locale par USD","2017","2017","7021","Valeur annuel","","34.48140833","X","Chiffre de source externe"
"PE","Taux de change","478","Mauritanie","MRO","Ouguiya","LCU","Unités de monnaie locale par USD","2017","2017","7021","Valeur annuel","","357.9441667","X","Chiffre de source externe"
"PE","Taux de change","175","Mayotte","EUR","Euro","LCU","Unités de monnaie locale par USD","2017","2017","7021","Valeur annuel","","0.885205508","X","Chiffre de source externe"
"PE","Taux de change","484","Mexique","MXN","Mexican Peso","LCU","Unités de monnaie locale par USD","2017","2017","7021","Valeur annuel","","18.92651667","X","Chiffre de source externe"
"PE","Taux de change","583","Micronésie (États fédérés de)","USD","US Dollar","LCU","Unités de monnaie locale par USD","2017","2017","7021","Valeur annuel","","1","X","Chiffre de source externe"
"PE","Taux de change","492","Monaco","EUR","Euro","LCU","Unités de monnaie locale par USD","2017","2017","7021","Valeur annuel","","0.885205508","X","Chiffre de source externe"
"PE","Taux de change","496","Mongolie","MNT","Tugrik","LCU","Unités de monnaie locale par USD","2017","2017","7021","Valeur annuel","","2439.777201","X","Chiffre de source externe"
"PE","Taux de change","499","Monténégro","EUR","Euro","LCU","Unités de monnaie locale par USD","2017","2017","7021","Valeur annuel","","0.885205508","X","Chiffre de source externe"
"PE","Taux de change","500","Montserrat","XCD","East Caribbean Dollar","LCU","Unités de monnaie locale par USD","2017","2017","7021","Valeur annuel","","2.7","X","Chiffre de source externe"
"PE","Taux de change","508","Mozambique","MZN","Mozambique Metical","LCU","Unités de monnaie locale par USD","2017","2017","7021","Valeur annuel","","63.58432291","X","Chiffre de source externe"
"PE","Taux de change","104","Myanmar","MMK","Kyat","LCU","Unités de monnaie locale par USD","2017","2017","7021","Valeur annuel","","1360.358707","X","Chiffre de source externe"
"PE","Taux de change","516","Namibie","NAD","Namibia Dollar","LCU","Unités de monnaie locale par USD","2017","2017","7021","Valeur annuel","","13.3129","X","Chiffre de source externe"
"PE","Taux de change","520","Nauru","AUD","Australian Dollar","LCU","Unités de monnaie locale par USD","2017","2017","7021","Valeur annuel","","1.304758077","X","Chiffre de source externe"
"PE","Taux de change","524","Népal","NPR","Nepalese Rupee","LCU","Unités de monnaie locale par USD","2017","2017","7021","Valeur annuel","","104.5118852","X","Chiffre de source externe"
"PE","Taux de change","558","Nicaragua","NIO","Cordoba Oro","LCU","Unités de monnaie locale par USD","2017","2017","7021","Valeur annuel","","30.05094134","X","Chiffre de source externe"
"PE","Taux de change","562","Niger","XOF","CFA Franc BCEAO","LCU","Unités de monnaie locale par USD","2017","2017","7021","Valeur annuel","","580.6567496","X","Chiffre de source externe"
"PE","Taux de change","566","Nigéria","NGN","Naira","LCU","Unités de monnaie locale par USD","2017","2017","7021","Valeur annuel","","305.7901092","X","Chiffre de source externe"
"PE","Taux de change","578","Norvège","NOK","Norwegian Krone","LCU","Unités de monnaie locale par USD","2017","2017","7021","Valeur annuel","","8.271666667","X","Chiffre de source externe"
"PE","Taux de change","540","Nouvelle-Calédonie","XPF","CFP Franc","LCU","Unités de monnaie locale par USD","2017","2017","7021","Valeur annuel","","105.6330782","X","Chiffre de source externe"
"PE","Taux de change","554","Nouvelle-Zélande","NZD","New Zealand Dollar","LCU","Unités de monnaie locale par USD","2017","2017","7021","Valeur annuel","","1.407408333","X","Chiffre de source externe"
"PE","Taux de change","512","Oman","OMR","Rial Omani","LCU","Unités de monnaie locale par USD","2017","2017","7021","Valeur annuel","","0.3845","X","Chiffre de source externe"
"PE","Taux de change","800","Ouganda","UGX","Uganda Shilling","LCU","Unités de monnaie locale par USD","2017","2017","7021","Valeur annuel","","3611.224458","X","Chiffre de source externe"
"PE","Taux de change","860","Ouzbékistan","UZS","Uzbekistan Sum","LCU","Unités de monnaie locale par USD","2017","2017","7021","Valeur annuel","","5113.878946","X","Chiffre de source externe"
"PE","Taux de change","586","Pakistan","PKR","Pakistan Rupee","LCU","Unités de monnaie locale par USD","2017","2017","7021","Valeur annuel","","105.4551621","X","Chiffre de source externe"
"PE","Taux de change","585","Palaos","USD","US Dollar","LCU","Unités de monnaie locale par USD","2017","2017","7021","Valeur annuel","","1","X","Chiffre de source externe"
"PE","Taux de change","275","Palestine","ILS","New Israeli Sheqel","LCU","Unités de monnaie locale par USD","2017","2017","7021","Valeur annuel","","3.599555548","X","Chiffre de source externe"
"PE","Taux de change","275","Palestine","USD","US Dollar","LCU","Unités de monnaie locale par USD","2017","2017","7021","Valeur annuel","","1","X","Chiffre de source externe"
"PE","Taux de change","591","Panama","PAB","Balboa","LCU","Unités de monnaie locale par USD","2017","2017","7021","Valeur annuel","","1","X","Chiffre de source externe"
"PE","Taux de change","598","Papouasie-Nouvelle-Guinée","PGK","Kina","LCU","Unités de monnaie locale par USD","2017","2017","7021","Valeur annuel","","3.188788383","X","Chiffre de source externe"
"PE","Taux de change","600","Paraguay","PYG","Guarani","LCU","Unités de monnaie locale par USD","2017","2017","7021","Valeur annuel","","5618.933452","X","Chiffre de source externe"
"PE","Taux de change","528","Pays-Bas (Royaume des)","EUR","Euro","LCU","Unités de monnaie locale par USD","2017","2017","7021","Valeur annuel","","0.885205508","X","Chiffre de source externe"
"PE","Taux de change","604","Pérou","PEN","Sol","LCU","Unités de monnaie locale par USD","2017","2017","7021","Valeur annuel","","3.260488491","X","Chiffre de source externe"
"PE","Taux de change","608","Philippines","PHP","Philippine Peso","LCU","Unités de monnaie locale par USD","2017","2017","7021","Valeur annuel","","50.40371979","X","Chiffre de source externe"
"PE","Taux de change","616","Pologne","PLN","Zloty","LCU","Unités de monnaie locale par USD","2017","2017","7021","Valeur annuel","","3.779333333","X","Chiffre de source externe"
"PE","Taux de change","258","Polynésie française","XPF","CFP Franc","LCU","Unités de monnaie locale par USD","2017","2017","7021","Valeur annuel","","105.6330782","X","Chiffre de source externe"
"PE","Taux de change","630","Porto Rico","USD","US Dollar","LCU","Unités de monnaie locale par USD","2017","2017","7021","Valeur annuel","","1","X","Chiffre de source externe"
"PE","Taux de change","620","Portugal","EUR","Euro","LCU","Unités de monnaie locale par USD","2017","2017","7021","Valeur annuel","","0.885205508","X","Chiffre de source externe"
"PE","Taux de change","634","Qatar","QAR","Qatari Rial","LCU","Unités de monnaie locale par USD","2017","2017","7021","Valeur annuel","","3.64","X","Chiffre de source externe"
"PE","Taux de change","760","République arabe syrienne","SYP","Syrian Pound","LCU","Unités de monnaie locale par USD","2017","2017","7021","Valeur annuel","","492.6108333","X","Chiffre de source externe"
"PE","Taux de change","140","République centrafricaine","XAF","CFA Franc BEAC","LCU","Unités de monnaie locale par USD","2017","2017","7021","Valeur annuel","","580.6567496","X","Chiffre de source externe"
"PE","Taux de change","410","République de Corée","KRW","Won","LCU","Unités de monnaie locale par USD","2017","2017","7021","Valeur annuel","","1131.000833","X","Chiffre de source externe"
"PE","Taux de change","498","République de Moldova","MDL","Moldovan Leu","LCU","Unités de monnaie locale par USD","2017","2017","7021","Valeur annuel","","18.49903489","X","Chiffre de source externe"
"PE","Taux de change","180","République démocratique du Congo","CDF","Congolese Franc","LCU","Unités de monnaie locale par USD","2017","2017","7021","Valeur annuel","","1464.417932","X","Chiffre de source externe"
"PE","Taux de change","418","République démocratique populaire lao","LAK","Kip","LCU","Unités de monnaie locale par USD","2017","2017","7021","Valeur annuel","","8244.843189","X","Chiffre de source externe"
"PE","Taux de change","214","République dominicaine","DOP","Dominican Peso","LCU","Unités de monnaie locale par USD","2017","2017","7021","Valeur annuel","","47.5343582","X","Chiffre de source externe"
"PE","Taux de change","408","République populaire démocratique de Corée","KPW","North Korean Won","LCU","Unités de monnaie locale par USD","2017","2017","7021","Valeur annuel","","107.7416667","X","Chiffre de source externe"
"PE","Taux de change","834","République-Unie de Tanzanie","TZS","Tanzanian Shilling","LCU","Unités de monnaie locale par USD","2017","2017","7021","Valeur annuel","","2228.856667","X","Chiffre de source externe"
"PE","Taux de change","638","Réunion","EUR","Euro","LCU","Unités de monnaie locale par USD","2017","2017","7021","Valeur annuel","","0.885205508","X","Chiffre de source externe"
"PE","Taux de change","642","Roumanie","RON","Romanian Leu","LCU","Unités de monnaie locale par USD","2017","2017","7021","Valeur annuel","","4.052491667","X","Chiffre de source externe"
"PE","Taux de change","826","Royaume-Uni de Grande-Bretagne et d'Irlande du Nord","GBP","Pound Sterling","LCU","Unités de monnaie locale par USD","2017","2017","7021","Valeur annuel","","0.776976682","X","Chiffre de source externe"
"PE","Taux de change","646","Rwanda","RWF","Rwanda Franc","LCU","Unités de monnaie locale par USD","2017","2017","7021","Valeur annuel","","831.5543398","X","Chiffre de source externe"
"PE","Taux de change","662","Sainte-Lucie","XCD","East Caribbean Dollar","LCU","Unités de monnaie locale par USD","2017","2017","7021","Valeur annuel","","2.7","X","Chiffre de source externe"
"PE","Taux de change","659","Saint-Kitts-et-Nevis","XCD","East Caribbean Dollar","LCU","Unités de monnaie locale par USD","2017","2017","7021","Valeur annuel","","2.7","X","Chiffre de source externe"
"PE","Taux de change","674","Saint-Marin","EUR","Euro","LCU","Unités de monnaie locale par USD","2017","2017","7021","Valeur annuel","","0.885205508","X","Chiffre de source externe"
"PE","Taux de change","663","Saint-Martin (partie française)","EUR","Euro","LCU","Unités de monnaie locale par USD","2017","2017","7021","Valeur annuel","","0.885205508","X","Chiffre de source externe"
"PE","Taux de change","666","Saint-Pierre-et-Miquelon","EUR","Euro","LCU","Unités de monnaie locale par USD","2017","2017","7021","Valeur annuel","","0.885205508","X","Chiffre de source externe"
"PE","Taux de change","336","Saint-Siège","EUR","Euro","LCU","Unités de monnaie locale par USD","2017","2017","7021","Valeur annuel","","0.885205508","X","Chiffre de source externe"
"PE","Taux de change","670","Saint-Vincent-et-les Grenadines","XCD","East Caribbean Dollar","LCU","Unités de monnaie locale par USD","2017","2017","7021","Valeur annuel","","2.7","X","Chiffre de source externe"
"PE","Taux de change","882","Samoa","WST","Tala","LCU","Unités de monnaie locale par USD","2017","2017","7021","Valeur annuel","","2.554377116","X","Chiffre de source externe"
"PE","Taux de change","678","Sao Tomé-et-Principe","STD","Dobra","LCU","Unités de monnaie locale par USD","2017","2017","7021","Valeur annuel","","21741.13836","X","Chiffre de source externe"
"PE","Taux de change","686","Sénégal","XOF","CFA Franc BCEAO","LCU","Unités de monnaie locale par USD","2017","2017","7021","Valeur annuel","","580.6567496","X","Chiffre de source externe"
"PE","Taux de change","688","Serbie","RSD","Serbian Dinar","LCU","Unités de monnaie locale par USD","2017","2017","7021","Valeur annuel","","107.75885","X","Chiffre de source externe"
"PE","Taux de change","690","Seychelles","SCR","Seychelles Rupee","LCU","Unités de monnaie locale par USD","2017","2017","7021","Valeur annuel","","13.64784167","X","Chiffre de source externe"
"PE","Taux de change","694","Sierra Leone","SLL","Leone","LCU","Unités de monnaie locale par USD","2017","2017","7021","Valeur annuel","","7384.432222","X","Chiffre de source externe"
"PE","Taux de change","702","Singapour","SGD","Singapore Dollar","LCU","Unités de monnaie locale par USD","2017","2017","7021","Valeur annuel","","1.380925","X","Chiffre de source externe"
"PE","Taux de change","534","Sint Maarten (partie néerlandaise)","ANG","Netherlands Antillean Guilder","LCU","Unités de monnaie locale par USD","2017","2017","7021","Valeur annuel","","1.79","X","Chiffre de source externe"
"PE","Taux de change","703","Slovaquie","EUR","Euro","LCU","Unités de monnaie locale par USD","2017","2017","7021","Valeur annuel","","0.885205508","X","Chiffre de source externe"
"PE","Taux de change","705","Slovénie","EUR","Euro","LCU","Unités de monnaie locale par USD","2017","2017","7021","Valeur annuel","","0.885205508","X","Chiffre de source externe"
"PE","Taux de change","706","Somalie","SOS","Somali Shilling","LCU","Unités de monnaie locale par USD","2017","2017","7021","Valeur annuel","","23097.98732","X","Chiffre de source externe"
"PE","Taux de change","729","Soudan","SDG","Sudanese Pound","LCU","Unités de monnaie locale par USD","2017","2017","7021","Valeur annuel","","6.68336","X","Chiffre de source externe"
"PE","Taux de change","728","Soudan du Sud","SSP","South Sudanese Pound","LCU","Unités de monnaie locale par USD","2017","2017","7021","Valeur annuel","","113.6475","X","Chiffre de source externe"
"PE","Taux de change","144","Sri Lanka","LKR","Sri Lanka Rupee","LCU","Unités de monnaie locale par USD","2017","2017","7021","Valeur annuel","","152.4464139","X","Chiffre de source externe"
"PE","Taux de change","752","Suède","SEK","Swedish Krona","LCU","Unités de monnaie locale par USD","2017","2017","7021","Valeur annuel","","8.548860833","X","Chiffre de source externe"
"PE","Taux de change","756","Suisse","CHF","Swiss Franc","LCU","Unités de monnaie locale par USD","2017","2017","7021","Valeur annuel","","0.984691667","X","Chiffre de source externe"
"PE","Taux de change","740","Suriname","SRD","Surinam Dollar","LCU","Unités de monnaie locale par USD","2017","2017","7021","Valeur annuel","","7.487661125","X","Chiffre de source externe"
"PE","Taux de change","762","Tadjikistan","TJS","Somoni","LCU","Unités de monnaie locale par USD","2017","2017","7021","Valeur annuel","","8.549741667","X","Chiffre de source externe"
"PE","Taux de change","148","Tchad","XAF","CFA Franc BEAC","LCU","Unités de monnaie locale par USD","2017","2017","7021","Valeur annuel","","580.6567496","X","Chiffre de source externe"
"PE","Taux de change","203","Tchéquie","CZK","Czech Koruna","LCU","Unités de monnaie locale par USD","2017","2017","7021","Valeur annuel","","23.37633333","X","Chiffre de source externe"
"PE","Taux de change","260","Terres australes françaises","EUR","Euro","LCU","Unités de monnaie locale par USD","2017","2017","7021","Valeur annuel","","0.885205508","X","Chiffre de source externe"
"PE","Taux de change","764","Thaïlande","THB","Baht","LCU","Unités de monnaie locale par USD","2017","2017","7021","Valeur annuel","","33.93981106","X","Chiffre de source externe"
"PE","Taux de change","626","Timor-Leste","USD","US Dollar","LCU","Unités de monnaie locale par USD","2017","2017","7021","Valeur annuel","","1","X","Chiffre de source externe"
"PE","Taux de change","768","Togo","XOF","CFA Franc BCEAO","LCU","Unités de monnaie locale par USD","2017","2017","7021","Valeur annuel","","580.6567496","X","Chiffre de source externe"
"PE","Taux de change","776","Tonga","TOP","Pa’anga","LCU","Unités de monnaie locale par USD","2017","2017","7021","Valeur annuel","","2.205972697","X","Chiffre de source externe"
"PE","Taux de change","780","Trinité-et-Tobago","TTD","Trinidad and Tobago Dollar","LCU","Unités de monnaie locale par USD","2017","2017","7021","Valeur annuel","","6.779525","X","Chiffre de source externe"
"PE","Taux de change","788","Tunisie","TND","Tunisian Dinar","LCU","Unités de monnaie locale par USD","2017","2017","7021","Valeur annuel","","2.419425","X","Chiffre de source externe"
"PE","Taux de change","792","Türkiye","TRY","Turkish Lira","LCU","Unités de monnaie locale par USD","2017","2017","7021","Valeur annuel","","3.648132635","X","Chiffre de source externe"
"PE","Taux de change","795","Turkménistan","TMT","Turkmenistan New Manat","LCU","Unités de monnaie locale par USD","2017","2017","7021","Valeur annuel","","3.5","X","Chiffre de source externe"
"PE","Taux de change","798","Tuvalu","AUD","Australian Dollar","LCU","Unités de monnaie locale par USD","2017","2017","7021","Valeur annuel","","1.304758077","X","Chiffre de source externe"
"PE","Taux de change","804","Ukraine","UAH","Hryvnia","LCU","Unités de monnaie locale par USD","2017","2017","7021","Valeur annuel","","26.5966063","X","Chiffre de source externe"
"PE","Taux de change","858","Uruguay","UYU","Peso Uruguayo","LCU","Unités de monnaie locale par USD","2017","2017","7021","Valeur annuel","","28.6764","X","Chiffre de source externe"
"PE","Taux de change","548","Vanuatu","VUV","Vatu","LCU","Unités de monnaie locale par USD","2017","2017","7021","Valeur annuel","","107.8208333","X","Chiffre de source externe"
"PE","Taux de change","704","Viet Nam","VND","Dong","LCU","Unités de monnaie locale par USD","2017","2017","7021","Valeur annuel","","22370.08667","X","Chiffre de source externe"
"PE","Taux de change","887","Yémen","YER","Yemeni Rial","LCU","Unités de monnaie locale par USD","2017","2017","7021","Valeur annuel","","282.195","X","Chiffre de source externe"
"PE","Taux de change","894","Zambie","ZMW","Zambian Kwacha","LCU","Unités de monnaie locale par USD","2017","2017","7021","Valeur annuel","","9.5175","X","Chiffre de source externe"
